sentence1,sentence2,similarity,jaccard_similarity
A woman is playing the guitar.,A man is playing guitar.,0,1.0
A woman is playing the flute.,A man is playing a flute.,0,1.0
A woman is cutting an onion.,A man is cutting onions.,0,1.0
A woman is carrying a boy.,A woman is carrying her baby.,0,1.0
A man is playing a guitar.,A man is playing a flute.,0,1.0
A man is finding something.,A woman is slicing something.,0,1.0
The girl sang into a microphone.,The lady sang into the microphone.,0,1.0
A man is speaking.,A man is spitting.,0,1.0
A man is playing a guitar.,A man is playing a trumpet.,0,1.0
A man is playing a flute.,A man is playing guitar.,0,1.0
A man is playing soccer.,A man is playing flute.,0,1.0
A girl is riding a horse.,A girl is riding a bicycle.,0,1.0
A woman is reading.,A woman is kneading dough.,0,1.0
A man is crying.,A woman is dancing.,0,1.0
The lady cracked an egg into a bowl.,The man is cracking eggs into a bowl.,0,1.0
A man is playing a basketball.,A man is playing a piano.,0,1.0
A plane is landing.,A animated airplane is landing.,0,1.0
A man plays a guitar.,A man plays the piano.,0,1.0
A woman is slicing a meat.,A woman is singing on stage.,0,1.0
A man is talking on a phone.,A man is singing to a woman.,0,1.0
A man is playing an electronic keyboard.,A man is playing a flute.,0,1.0
A man is playing a guitar.,A man is eating a banana.,0,1.0
A man is jumping into water.,A man is cutting paper.,0,1.0
A guy is playing hackysack,A man is playing a key-board.,0,1.0
A man is talking with other women on the beach.,A man is walking down the street.,0,1.0
The man talked to a girl over the internet camera.,A teenager talks to a girl over a webcam.,0,1.0
A woman is slicing some tuna.,A woman is cutting raw fish.,0,1.0
Batman and Robin fly a helicopter over water.,A helicopter flies over water.,0,1.0
A woman is cutting some herbs.,A woman is chopping cilantro.,0,1.0
The lady put the skewered shimp in the hot water.,The lady fried the breaded meat in hot oil.,0,1.0
A woman is riding a horse along a perimeter.,A dog is riding a skateboard.,0,1.0
A man jumping rope,A man is talking.,0,1.0
A woman is slicing a potato.,A woman is slicing carrot.,0,1.0
A man is playing a harp.,A woman is playing a guitar.,0,1.0
A man is cutting up a potato.,A man is cutting up carrots.,0,1.0
A man is dancing.,A man is singing.,0,1.0
A man is running.,A man is singing.,0,1.0
A man is playing a flute.,A man is playing guitar.,0,1.0
A man is riding a bike.,A woman is riding a horse.,0,1.0
The man is buttering the bread.,The man is stirring the rice.,0,1.0
A woman is hitting a man.,A woman is taking a bath.,0,1.0
Three men are dancing.,Women are dancing.,0,1.0
A man is speaking.,A man is dancing.,0,1.0
A man is dancing.,A man is speaking.,0,1.0
A man is playing the drums.,A man is playing guitar.,0,1.0
A man is peeling a banana.,A woman is peeling a potato.,0,1.0
A boy is riding a horse.,A monkey is riding a bus.,0,1.0
A person is mixing a pot of rice.,A person is peeling a potato.,0,1.0
A man is playing a guitar.,The girl is playing the guitar.,0,1.0
A lion cub tries to climb a fence.,A lion tries to climb over a wall.,0,1.0
A man is playing a guitar.,A man is cleaning a cd.,0,1.0
A woman is chopping an onion.,A woman is chopping garlic with a knife.,0,1.0
A man is staring at a leaf.,A man is slicing a vegetable.,0,1.0
The man is playing the keyboards.,A man is playing guitar.,0,1.0
A woman is applying eye shadow.,A woman is washing a bowl.,0,1.0
A woman is playing the flute.,A man is playing a keyboard.,0,1.0
A man is riding on a horse.,A woman is riding an elephant.,0,1.0
A man is playing flute.,A man is dancing.,0,1.0
A woman is cutting potato.,A woman is riding a horse.,0,1.0
A man is playing the piano.,A man is playing a wooden flute.,0,1.0
A person uses a blowtorch on two cameras.,A person is burning cameras.,0,1.0
A man is putting a knife in a vice.,A man is getting into a car in a garage.,0,1.0
A man is standing on a roof top playing a violin.,A man is on a roof dancing.,0,1.0
A man shappens a knife.,A man carries a women.,0,1.0
A woman is brushing her feet.,A woman is chopping an onion.,0,1.0
A man is stirring ingredients in a bowl.,A man is beating two eggs in a bowl with a fork.,0,1.0
A woman is writing something.,A woman is chopping green onions.,0,1.0
A boy is playing a piano.,A man is singing and playing a guitar.,0,1.0
A group of people eat at a table outside.,A group of elderly people pose around a dining table.,0,1.0
A bag of cotton in front of a couch.,Calico cat sitting on step in front of a door.,0,1.0
The lamb is looking at the camera.,A cat looking at the camera.,0,1.0
Two airplanes in the sky.,A plane in the sky.,0,1.0
A black and white photo of an old train station.,A black and white photo of a cat sitting on a sofa.,0,1.0
A bicycle in front of some ruins.,A pink bicycle is in front of a building.,0,1.0
Two people sitting on a large motorcycle.,Two eagles sitting on a long branch.,0,1.0
Two women sitting in lawn chairs.,Two women are sitting in a cafe.,0,1.0
A close-up of a cat on a cream sofa.,A close-up of a horse.,0,1.0
Two white dogs are swimming in the water.,The birds are swimming in the water.,0,1.0
A black and white cat playing with a wool basket.,A black and white cat lying on a blanket.,0,1.0
Young baby girl sitting on table.,A woman with a smiling baby sitting on the table.,0,1.0
A group of people sitting on a small sofa next to a kitchen.,A group of people standing near a small child sitting on a horse.,0,1.0
Two cows graze in a field.,A brown horse in a green field.,0,1.0
A laptop computer and a computer monitor.,A laptop and a PC at a workstation.,0,1.0
A white cat laying on an office chair.,A white cat laying on a sheet.,0,1.0
A woman leading a white horse.,A man in a tux on a white horse.,0,1.0
Left side of a silver train engine.,A close-up of a black train engine.,0,1.0
Blue couch and twin bed in a living room.,A leather couch and wooden table in a living room.,0,1.0
A woman is laying down on the floor and holding a baby up above her.,A man is laying on the floor holding a baby up above him.,0,1.0
A group of people standing in the street,A woman addressing a diverse group of people standing in the street.,0,1.0
A black and white dog is running in a grassy garden surrounded by a white fence.,A black and white dog is jumping over a hurdle.,0,1.0
A woman is sitting up asleep with her head resting on her hand.,A man who is resting his head on his hand.,0,1.0
A black dog is chasing two birds on the shore of the ocean.,A dog is running along the beach beside the ocean.,0,1.0
Two dogs fighting in the snow.,Two dogs standing in the snow.,0,1.0
Black and white dog running through water.,A black and white dog is running through grass.,0,1.0
A woman and a man are amused by headphones.,A man and a woman resting after exercise.,0,1.0
Two girls walking in the ocean.,two girls walking in the street,0,1.0
Three dogs are playing in the white snow.,Two dogs are playing in the grass.,0,1.0
A black dog running through the snow.,A black dog runs through the water.,0,1.0
Two dogs in the snow,Two dogs play in the grass.,0,1.0
A group of people are in the water.,A group of people ride in a race,0,1.0
Two dogs are sniffing something in the rocks.,Two dogs running down a path in the woods.,0,1.0
a dog runs through the long grass.,A dog lays down in the long green grass.,0,1.0
A group of people are camping out on some rocks.,A group of people are standing beside a fire truck.,0,1.0
A group of people in boats racing towards the shore.,A group of people stand together and pose in front of a house.,0,1.0
A man with long hair is looking through a camera.,A man with sunglasses looking straight ahead.,0,1.0
The black and brown dog is playing in the yard.,The black and tan dog is chasing something he has spotted.,0,1.0
A boy is jumping into the water with a ball in his hand.,A little boy swimming underwater with a toy in his hand.,0,1.0
A hockey player looks intently downward.,A hockey player during a game.,0,1.0
A group of men walk and hang onto ropes.,A group of men play a college football game.,0,1.0
A man is skating down a set of stairs.,The man is skiing down a snowy hill.,0,1.0
The dogs are playing in the snow.,Two dogs playing on the shore.,0,1.0
Two dogs are running on the grass in front of the trees.,A brown dog is running on the grass in front of some trees.,0,1.0
A skateboarder jumps off the stairs.,A dog jumps off the stairs.,0,1.0
A woman runs on the beach.,a dog runs across the land.,0,1.0
A golden colored dog jumps around in the grass while holding a stick in its mouth.,A black dog is running through the grass carrying something red in its mouth.,0,1.0
A white dog is playing with a ball on the beach.,A black and white dog is playing with a tan dog.,0,1.0
A man is carrying a canoe with a dog.,A dog is carrying a man in a canoe.,0,1.0
a group of navy seals are singing,A group of military personnel are playing in a brass quintet.,0,1.0
The people are leaving the airplane.,The people are entering the plane.,0,1.0
the tan dog is playing with the red dog out in the snow,A yellow dog is playing in the snow.,0,1.0
The four women are practicing for a upcoming match.,The women are in a play,0,1.0
There is a young girl.,There is a young boy with the woman.,0,1.0
A player bounces a ball.,A player catching a ball.,0,1.0
Men competing in a contest.,Two women compete in a contest.,0,1.0
Two men are playing a game of Scrabble together.,The two women are playing a game.,0,1.0
Many guards are standing in front of the starting line of a race.,Two men in business dress are standing by the side of a road.,0,1.0
Five kids are standing in front of a tent.,People are out sitting in front of a garden.,0,1.0
The woman had brown hair.,The woman has gray hair.,0,1.0
A boy does a skateboard trick on the stairs downtown.,a boy is running on the sidewalk,0,1.0
A man is throwing a penny into a fountain.,A little boy is throwing a man in water.,0,1.0
Two girls are playing Doctor inside their house.,The two girls are walking with their father.,0,1.0
A man is performing a stunt outdoors.,A young man on a beach is performing skateboard stunts.,0,1.0
There was girl stranded on the roof.,The couple was on the bed.,0,1.0
"A basketball player makes the 5th rebound of the night,",A tennis player in the middle of a game.,0,1.0
A helicopter is getting ready to take off.,The plane is getting ready to take off.,0,1.0
A group wading across a witch,A group wading across a ditch,0,1.0
A man is on a rooftop,A man is holding a microphone in a room.,0,1.0
There are two men near a wall.,Three women are sitting near a wall.,0,1.0
The woman is holding the hands of the man.,The woman is checking the eyes of the man.,0,1.0
The gate is blue.,The gate is yellow.,0,1.0
A pair of men walk along the beach.,Two men standing in the surf on a beach.,0,1.0
"She obviously has a legit excuse, although she could have been more responsible and ""have"" told you in advance.",The first have covers both been more responsible and told you in that sentence.,0,1.0
"A key question was whether France, which infuriated Washington by leading the charge against U.N. authorization for the war, would vote ""Yes"" or abstain.","France, which infuriated Washington by leading the charge against U.N. approval for the war, also sought changes.",0,1.0
The Recording Industry Association of America says it plans to sue the song traders next month.,"That is, if the Recording Industry Association of America has anything to say about it.",0,1.0
"""They've been in the stores for over six weeks,"" says Carney.","The quarterlies usually stay in stores for between six to eight weeks,"" Carney added.",0,1.0
Neither Iowa State athletic director Bruce Van De Velde nor Morgan could be reached for comment.,Iowa State athletic director Bruce Van de Velde would not confirm an offer was made to Lebo.,0,1.0
The panel ordered the Commerce Department to issue revised figures for the duties within 60 days.,It called on the Commerce Department to respond within 60 days.,0,1.0
"""What they have done is a thinly veiled attempt to do an end run around the Constitution,"" she said.","The church's lawyer, Shirley Phelps-Roper, was clear: ""What they have done is a thinly veiled attempt to do an end run around the constitution,"" she said.",0,1.0
Dixon was otherwise the class of the field at Pikes Peak International Raceway.,Scott Dixon eventually made winning the Honda Indy 225 look easy Sunday at Pikes Peak International Raceway.,0,1.0
"The two-year note US2YT=RR fell 5/32 in price, taking its yield to 1.23 percent from 1.16 percent late on Monday.","The benchmark 10-year note US10YT=RR lost 11/32 in price, taking its yield to 3.21 percent from 3.17 percent late on Monday.",0,1.0
"Shares in BA were down 1.5 percent at 168 pence by 1420 GMT, off a low of 164p, in a slightly stronger overall London market.","Shares in BA were down three percent at 165-1/4 pence by 0933 GMT, off a low of 164 pence, in a stronger market.",0,1.0
Joining Stern and McEntee on stage was International Union of Painters and Allied Trades President James Williams.,The International Union of Painters and Allied Trades endorsed Mr Dean several weeks ago.,0,1.0
"A search for three missing teenagers uncovered at least two bodies buried beneath freshly poured concrete in the basement of a house, authorities said Wednesday.",Authorities performed an autopsy Thursday on one of three bodies recovered from beneath a layer of freshly poured concrete in the basement of a northwest Indiana home.,0,1.0
"The Standard & Poor's 500 Index slipped 4.77, or 0.5 percent, to 929.62.","The broad Standard & Poor's 500 Index .SPX shed 0.17 of a point, or just 0.02 percent, to 934.",0,1.0
"Shares of Halliburton fell 71 cents, or 3 percent, to close at $21.59 yesterday on the New York Stock Exchange.","Halliburton shares fell 54 cents, or 2.4 percent, to $21.76 a share in midday New York Stock Exchange trade.",0,1.0
Stocks dipped lower Tuesday as investors opted to cash in profits from Monday's big rally despite a trio of reports suggesting modest improvement in the economy.,Wall Street moved tentatively higher Tuesday as investors weighed a trio of reports showing modest economic improvement against an urge to cash in profits from Monday's big rally.,0,1.0
The company said it would cut the wholesale price of most top-line CDs to $9.09 from $12.02.,The company also said it would cut wholesale prices on cassettes and change the suggested retail price to $8.98.,0,1.0
Net revenue rose to $3.99 billion from $3.85 billion during the same quarter last year.,That is up from $1.14 billion during the same quarter last year.,0,1.0
"These men ""are entitled to respect for their private lives,"" Kennedy said.","""The petitioners are entitled to respect for their private lives.""",0,1.0
"The commission dropped charges that Patton improperly appointed Conner to the Kentucky Lottery Board and that he improperly appointed Conner's then-husband, Seth, to the Agriculture Development Board.","Patton also appointed Conner to the Kentucky Lottery Board and appointed Seth Conner to the Agriculture Development Board, the commission says.",0,1.0
"Annan, UN chief call on Security Council to act on Syria","Russia, China veto UN Security Council resolution on Syria",0,1.0
Military plane crashes in south France: authorities,"Military plane crashes in southeastern Turkey, 1 dead",0,1.0
Saudi gas truck blast kills at least 22,Nigeria church blast kills at least 12,0,1.0
1 person killed in sectarian clashes in Lebanon,Nine killed in Syrian-linked clashes in Lebanon,0,1.0
Suicide bomber kills 4 near NATO's Afghan HQ,Suicide bomber kills 23 at Afghan wedding,0,1.0
Israeli Leader Puts Off Evicting Settlers From Hebron House,Israeli army orders settlers out of Hebron house,0,1.0
At least 15 killed in Nigeria church attack,At least 12 killed in Nigeria church bombing,0,1.0
US drone strike kills 8 militants,US drone strike kills four in NWA: officials,0,1.0
"Wigan 3-2 Wolves: Match report, pictures & video highlights","Arsenal 0-0 Chelsea: Match report, pictures & video highlights",0,1.0
Roadside bomb kills 10 Afghan civilians: police,Roadside bomb kills 5 Afghan policemen,0,1.0
Remarks by the President at the White House Science Fair,The Presidential Planner - The White House Science Fair,0,1.0
China's CPI growth slows to 1.8 pct in July,China's industrial output growth slows to 9.2 pct in July,0,1.0
Suicide bomber hits funeral in Iraq,Suicide bomber strikes in Syria,0,1.0
Nelson Mandela taken to hospital,Nelson Mandela released from hospital,0,1.0
"Today in History, April 23","Today in History, Jan. 21",0,1.0
32 die in Bangladesh protest,1 Killed in Bangladesh Protest,0,1.0
Calif man pleads not guilty in girl kidnap case,Calif. man pleads not guilty in terrorism case,0,1.0
"The Note's Must-Reads for Monday, November 25, 2013","The Note's Must-Reads for Tuesday, October 8, 2013",0,1.0
"The Note's Must-Reads for Friday, December 6, 2013","The Note's Must-Reads for Friday, July 12, 2013",0,1.0
North Korea Nuclear Test Sparks Worry,North Korea nuclear test,0,1.0
Stocks close 0.39% higher,Stocks close 2.47% higher,0,1.0
Hospital: 61 killed in Venezuela prison riot,Dozens reported killed in Venezuela prison riot,0,1.0
Queen pays tribute to Nelson Mandela,US presidents pay tribute to Mandela,0,1.0
Singapore stocks end up 0.11 pct,Singapore stocks close 0.54 pct higher,0,1.0
Floods leave six dead in Philippines,Heavy rains leave 18 dead in Philippines,0,1.0
Chinese shares close lower on Wednesday,China stocks close lower on Friday,0,1.0
Brooks pleads not guilty to hacking charges,Dave Lee Travis pleads not guilty to all charges,0,1.0
One dead in US building collapse,Six killed in US building collapse,0,1.0
6.4-magnitude quake strikes off Indonesia,6.9-magnitude quake strikes off Russia's Kuril Islands,0,1.0
Chinese shares close higher on Tuesday,Chinese shares close lower on Wednesday,0,1.0
Attack kills 12 in Afghanistan,NATO: 3 troops killed in Afghanistan attack,0,1.0
17 govt employees killed in Pakistan bus bombing,At least 78 killed in Pakistan church bombing,0,1.0
"4 killed, 6 injured in attacks in Iraq","43 killed, 86 wounded in attacks in Iraq",0,1.0
Bombings kill 9 people in Iraqi capital,Bombings kill 19 people in Iraq,0,1.0
10 Things to Know for Wednesday,10 Things to Know for Thursday,0,1.0
New UN peacekeeping chief named for Central African Republic,UN takes over peacekeeping in Central African Republic,0,1.0
Someone is shredding cabbage leaves with a knife.,Someone is chopping some cabbage leaves.,1,0.0
A man plays a keyboard.,A person is playing the keyboard.,1,0.0
One man is breaking cement on another man's chest.,A man breaks cinder blocks on another man.,1,0.0
A chef is preparing some food.,A chef prepared a meal.,1,0.0
A turtle walks over the ground.,A large turtle crawls in the grass.,1,0.0
A baby rhino is walking around his pen with his mother.,A baby rhino is following an adult rhino.,1,0.0
The man used a sword to slice a plastic bottle.,A man sliced a plastic bottle with a sword.,1,0.0
A girl is riding a horse.,The girl trotted the horse.,1,0.0
A girl is playing a flute.,A girl plays a wind instrument.,1,0.0
A child is playing a computer game.,A boy is playing a game on a laptop.,1,0.0
A woman puts cosmetics on her eyelid.,The woman is pencilling on eye shadow.,1,0.0
A woman and man are riding in a car.,A woman driving a car is talking to the man seated beside her.,1,0.0
The lady cut the tail and body of a shrimp.,A woman is cleaning a shrimp.,1,0.0
A woman is peeling an onion.,The woman is slicing green onions.,1,0.0
The man is shaking hands with other men.,A man is shaking another mans hand.,1,0.0
A target is being hit with gun fire.,The target was being shot with bullets.,1,0.0
A person pours cooking oil into a pot.,A person is pouring olive oil into a pot on the stove.,1,0.0
A guy is riding a horse.,A man is riding a horse in the desert.,1,0.0
A dog is stealing food from a refrigerator.,The dog took something out of the refrigerator.,1,0.0
A puppy is trying to come out from the sink.,The puppy tried to get out of the tub.,1,0.0
A person is folding a square paper piece.,A person folds a piece of paper.,1,0.0
A baby eats his food.,A baby is being fed peas.,1,0.0
A person is chopping an herb.,A man is finely chopping a green substance.,1,0.0
A person is whisking eggs in a bowl.,A woman is beating two eggs in a bowl using a wire whisk.,1,0.0
The flag was moving in the air.,A flag is waving.,1,0.0
The baby laughed in his car seat.,A baby is laughing.,1,0.0
The bird is taking a bath under the faucet.,A bird is bathing in a sink.,1,0.0
A man plays the guitar and sings.,A man is singing and playing a guitar.,1,0.0
Someone drew on Washington's face on the dollar.,A person draws on a dollar bill.,1,0.0
A group of four people in a dinner having cake.,Four people eating dessert around a table.,1,0.0
A black and wood colored dining room set in a small apartment.,Black and brown table in living room setting.,1,0.0
One Asian and one occasion woman in glasses smiling with their thumbs up.,Two women are posing for the camera and giving the thumbs up sign.,1,0.0
A black train moves down the tracks.,A mostly black train on a track.,1,0.0
Several televisions are on the floor and stacked up on top of one another.,"Three televisions, on on the floor, the other two on a box.",1,0.0
A motorcycles is parked near a wall covered with a graffiti scene of a cityscape.,A motorcycle is parked by a mural of a city in the evening.,1,0.0
The bird is sitting on the branch.,A red and brown bird is perched on branches.,1,0.0
Four children looking at barn animals.,Children looking a sheep.,1,0.0
Train going down the tracks.,A black steam train traveling on the railroad tracks.,1,0.0
Two cats are close together inside and black and white furry enclosure.,"Two baby kittens are sitting inside a cow-schemed, fur-covered dome.",1,0.0
A man jumping his dirt bike.,A man on a bike jumping through the air.,1,0.0
An AeroMexico jet taxing along a runway.,A silver AreoMexico Jet Liner sitting on the tarmac.,1,0.0
A woman and child push strollers down the sidewalk.,A women and a young girl walking pushchairs along the sidewalk.,1,0.0
A man on a motorcycle performing a wheelie.,Motorcyclist performing a wheelie next to a car.,1,0.0
"A young woman with outstretched arms stands in front of a ""Going Places"" bus.",TThe girl is standing in front of the open door of the bus.,1,0.0
German Shephard jumping through black hoop while people watch,A dog jumps through a hoop.,1,0.0
a skateboard performs a trick off a quarter pipe.,A skateboarder attempts to do a trick over a homemade ramp.,1,0.0
A brown and white dog with a pink Frisbee in it's mouth is humping over a man's back.,"a dog with a Frisbee in its mouth, jumps over a man.",1,0.0
A black person in black and red is sleeping on a bench with an open black umbrella.,A man sitting up taking a nap on a park bench with an open umbrella protecting him from the sun.,1,0.0
Some cyclists stop near a sign.,Two men stop to talk near a sign outside.,1,0.0
One football player tries to tackle a player on the opposing team.,A football player attempts a tackle.,1,0.0
Two fishermen try to untangle their large fishing net on the side of the road on a cloudy day.,Several men pull a fishing net up on to the beach.,1,0.0
A man doing a jumping bike trick surrounded by trees.,A boy riding a green trick bike over some steps outdoors.,1,0.0
A motorcross driver going by during a race,A race car driver performs in the race of his life.,1,0.0
You'll need to check the particular policies of each publisher to see what is allowed and what is not allowed.,If you need to publish the book and you have found one publisher that allows it.,1,0.0
It is perfectly okay to ask for the figure knowing well that the other person may not give.,"You can always ask, then it is the choice of the author to accept or not.",1,0.0
"Stars are rotating, but that's not the cause for their stability.",Stars rotate due to the angular momentum of the gas they formed from.,1,0.0
It indeed appears the Andromeda galaxy (M31) and The Milky Way (MW) are en route to a collision.,"In a few billion years, the Milky Way and Andromeda will collide.",1,0.0
"The short answer is: we are made from the ""stuff"" contributed by many stars.",It is highly unlikely that we're made out of stuff from only one star.,1,0.0
All we know is this : Distant objects are receding from us at a rate proportional to their distance from us.,The expansion of space means that objects in cosmological distances are receding away from each other.,1,0.0
"Like Chris said above, stars rotate to conserve their angular momentum.","Stars are rotating, but that's not the cause for their stability.",1,0.0
According to this website the peak visible magnitude will be about 10.5 around February 2nd.,"The AAVSO data seems to indicate that it might have already peaked, at around 10.5 (visual).",1,0.0
"As per your definition, a star formed in a binary system (hence near some gravitating body) is a generalised planet.","The main flaw with your definition of a ""generalised planet"" would be the boundary between stars and planets.",1,0.0
It's pretty difficult to imagine a person with Social Anxiety Disorder being an extrovert.,"On the surface, it does seem like social anxiety disorder and extroversion shouldn't both exist in the same person.",1,0.0
"I wrap steaks individually in freezer paper, then put them into ziploc freezer bags.",Wrap well in plastic (individually) and then put in a freezer bag.,1,0.0
The best way I have found is to soak the ears in husk for several hours before grilling.,Soak whole ears in the husk in a bowl of water.,1,0.0
I've never adjusted the length of time based on number of eggs.,I don't boil eggs enough to keep a feel for the timing...,1,0.0
I agree with others (and yourself) in that I have never heard this phrase in English.,I have never heard or seen the phrase you mention.,1,0.0
"Pardon the brevity of this answer, but I would say ""named"" is preferred within the context of your example.","Named is preferred in your example, since you are formally giving a name to your method.",1,0.0
"As others have said, ""ten of six"", though not used in many English speaking areas, would be understood as 5:50.","""Ten of six"" probably means 5:50 but I have not heard it before.",1,0.0
"Certainly many usage guides have advised against use of this ""singular they"" on various ""logical"" grounds.","Second one (for writing purpose), if I believe the ""THEY/THEIR (SINGULAR)"" article.",1,0.0
"Back in the day, ""cable"" was used to describe communications sent abroad.","The word ""cable"" has its origins in the days of the telegraph.",1,0.0
"In the United States, jails are operated by cities and counties (or equivalent).","Jail is a municipal level, prison is on a state/federal/provincial/territory level.",1,0.0
"Yes, your sentence will be clearer if you write the actual word instead of the slash.","Most style guides recommend against using the slash in phrases like â€œX and/or Yâ€, as well as â€œthis is hard/impossible to doâ€.",1,0.0
There are a lot of push up variations you can do and they all stress different muscle systems.,There are several different pushup variations out there and most of them provide a unique advantage.,1,0.0
You definitely do NOT want to be supporting your weight with your arms on the bike for normal riding.,"No, don't support your weight on your arms Your hands simply aren't really made for supporting all that weight.",1,0.0
I've noticed a remarkable difference when I run on the treadmill vs when I run on the road.,A treadmill won't prepare you for the impact of running for real.,1,0.0
"Yes, you can add coffee grounds with their filters to your compost pile.",Absolutely ok; we have incorporated coffee grounds into our plant food and many of those grounds included the paper filter.,1,0.0
"Simple answer is yes, flower shoots on lettuce is a sure sign of bolting.",It appears as though it has likely started to bolt.,1,0.0
This looks a lot like an invitation to a No True Scottsman argument.,"I concur with @T.E.D; the question is a ""no True Scotsman"" bar bet.",1,0.0
I guess those are greek tickets (ÎµÎ¹ÏƒÎ¹Ï„Î·ÏÎ¹Î¿Î½) for excavation sites or museums.,That is indeed Greek Looks like a Ticket to a museum or field.,1,0.0
Preserving grammaticality and preserving meaning of the sentence are two different things.,"In fact, you can remove pretty much and preserve grammaticality if you don't care about preserving meaning.",1,0.0
"A tent may give you slightly more protection than sleeping out in the open, but not much.","No, a tent will not give you any protection from bears that want what's inside.",1,0.0
A few points to add here: Coyotes are not know to be aggressive towards humans.,In general they are not considered dangerous because they rarely attack humans.,1,0.0
GPS (wikipedia) is based on orbiting satellites and so is accurate worldwide.,"GPS systems can, and do, work everywhere you can get satellites.",1,0.0
It would be unusual for a snake to attack a stationary person.,"I'm no herpetologist, but in my experience, snakes are in the ""you don't bug me, I won't bug you"" category.",1,0.0
"Once you open it up to toxins, the answer is clearly no, boiling is not enough.",Boiling eliminates only a certain class of contaminants that can make you ill.,1,0.0
"Although cheese is very healthy and also good during pregnancy, some types might contain Listeria, which can cause serious problems.","As was mentioned, the problem with cheese is the potential for Listeria.",1,0.0
"My experience with Danios has that they always have been ""bossy"" fish.","Breed Zebra Danios are extremely hardy fish, they are almost difficult to kill.",1,0.0
"It does sound like your cat is upset about something, and trying to communicate it to you.",Something is bothering your cat and he does not like it.,1,0.0
I have noticed most cats don't lick people a great deal.,Cats may or may not lick a person based on all kinds of things.,1,0.0
Try switching to rats; weanling rats if you need something smaller.,"As mentioned in previous answers, rats and gerbils can be offered instead of mice or in a rotation with mice.",1,0.0
You should take this animal to a vet right away.,"As covered in the other answers, your only option is to see a vet in order to have surgery done.",1,0.0
There are a few things to help your bun gain a bit of weight.,John Cavan has some reasonable and appropriate methods for increasing a rabbits weight in his answer.,1,0.0
Well for one a being could have a non-physical existance and yet not even be in your mind.,"The difference is huge, as not all non-physical things exist in minds.",1,0.0
"It's true that, under one understanding of ""accessibility"" and ""determining"", your accessibility relation is determined by your axioms.",Accessibility is determined by the axioms of the modal logic you're working within.,1,0.0
"When I needed a travel tripod, I also opted for a Trekpod.",An alternative tripod that may serve your needs is the TrekPod.,1,0.0
Fast Picture Viewer has an extensive pack for the low price of $9.99 and it appears to cover them all.,Fast Picture Viewer is $9.99 and works just fine on 64-bit Windows 7 (I'm using it myself).,1,0.0
There are many compact cameras with underwater housings available from Canon and Olympus.,"There are waterproof compacts that go to 10 meters, such as some of the Olympus Tough models.",1,0.0
When printed on a lens the f-stop is usually expressed as a ratio with a colon (i.e.,It refers to the maximum f-stop (which is defined as the ratio of focal length to effective aperture diameter).,1,0.0
Public employees can unionize because the law allows them to.,The legal reasons why public employees can unionize have been elsewhere described.,1,0.0
The president is not really all that important for German people.,The function of the german president is almost just representative.,1,0.0
"In a ""first-past-the-post"" system, it is difficult to sustain more than two parties.","While the 'first-past-the-post system favours two parties, it certainly doesn't guarantee the marginalization of third parties.",1,0.0
According to Shia Muslims specially Iran state and Hezbollah a country called Israel does not exist.,"As with the definition of Palestine, the definition of Israel varies depending on whom you ask.",1,0.0
"As others have mentioned, the iRobot Roomba is an excellent example of a household robot which does meaningful work.",I've been happy with the iRobot Roomba for floor cleaning.,1,0.0
I'd start by reading David Allen's book: Getting Things Done.,I'm considering spending the $48 per month on the GTD (Getting things done) system advertised by David Allen.,1,0.0
"Currently I've got a fairly close to purely digital GTD setup, although this could do with some refinements and tweaks.",My GTD system is effectively 100 percent electronic--as described in detail here.,1,0.0
Yes a team can use the same player for both bowling and batting in a super over.,There's no rule that decides which players can be picked for bowling/batting in the Super Over.,1,0.0
"Yes, absolutely - the receiving player must allow the ball to bounce before returning the serve - or any shot, actually.","Yes, the receiver needs to wait until the ball touches his playing area, otherwise it counts as being obstructed.",1,0.0
Women first appeared in the modern Olympics in Croquet at the 1900 Olympics.,"In 1900, the second modern Olympic games, 22 women competed in 5 events: tennis, sailing, croquet, equestrian, and golf.",1,0.0
"Yes, dew (wetness in the environment) factor can change the direction of a match.",Another disadvantage of the dew factor is that it makes hitting boundaries difficult.,1,0.0
"No, there is no specific criteria for giving the man of the match award.","As per the rules, MoM award is decide by the commentry pannel.",1,0.0
For the most part you can apply at any US consulate.,Generally you're supposed to apply at the US consulate at your place of residence.,1,0.0
"There is nothing wrong with the phrase ""simple sample service"".","The minimal change needed to avoid disconcerting alliteration is to just call it a ""simple example service"".",1,0.0
"Yes, this is OK, as it allows you to emphasise certain things, that you want the readers to notice.",I believe this is perfectly acceptable and does a good job of emphasising your point.,1,0.0
"We just addressed this recently, and the excellent answer suggested was guillemets.","guillemets, as suggested by Lauren Ipsum, is a good option.",1,0.0
"The villains I absolutely hate are selfish and self-serving, but they are also cowards.","A villain you want to take down is, at his/her core, someone who does not care about the suffering of others.",1,0.0
"In these days of googling, it's sloppy to not find the source of a quotation.","I agree with Kate Sherwood, you should be able to attribute most quotes these days by simple fact checking.",1,0.0
The retailer said it came to the decision after hearing the opinions of customers and associates.,"The decision came after ""listening to our customers and associates,"" Melissa Berryhill, a spokeswoman for Wal-Mart, said.",1,0.0
Business Week's online edition reported on Friday that WorldCom and the SEC could announce a settlement as early as Monday.,"BusinessWeek Online has learned that the settlement could come as early as Monday, May 19.",1,0.0
The company claims it's the largest single Apple VAR Xserve sale to date.,The company claimed it is the largest sale of Xserves by an Apple retailer.,1,0.0
"The Standard & Poor's 500 stock index ended the quarter up 120 points, a gain of 14 percent, the best performance for that broad market benchmark since 1998.","The Standard and Poor's 500-stock index, a broad collection of equities representing leading companies, finished its best quarter yesterday since the last three months of 1998.",1,0.0
"""I know of no pressure,"" said Mr. Feith, the under secretary of defense for policy.","""I know of nobody who pressured anybody,"" Douglas Feith, undersecretary of defense for policy, said at a Pentagon briefing.",1,0.0
"""Frank Quattrone is innocent,"" Keker said in a statement.",Quattrone lawyer John W. Keker said his client is innocent.,1,0.0
Protesters had been calling for an end to the country's hard-line establishment and for supreme leader Khamenei's death.,"The protesters denounced the country's supreme leader, hard-liner Ayatollah Ali Khamenei.",1,0.0
"Singapore is already the United States' 12th-largest trading partner, with two-way trade totaling more than $34 billion.","Although a small city-state, Singapore is the 12th-largest trading partner of the United States, with trade volume of $33.4 billion last year.",1,0.0
"The pound also made progress against the dollar, reached fresh three-year highs at $1.6789.","The British pound flexed its muscle against the dollar, last up 1 percent at $1.6672.",1,0.0
"Earlier Thursday, PeopleSoft formally rejected the unsolicited bid from Oracle.","Thursday morning, PeopleSoft's board rejected the Oracle takeover offer.",1,0.0
They are being held on immigration violations as the incident is investigated.,Both men are being held for investigation of administrative immigration violations.,1,0.0
Who will succeed Mr. O'Neill at Hyundai is not clear.,There is no clear successor for Mr. O'Neill at Hyundai.,1,0.0
Dotson was arrested Monday in his native Maryland and charged with murder.,"Dotson, 21, was subsequently charged with Dennehy's murder.",1,0.0
Putin hailed Saudi Arabia as ``one of the most important Muslim nations.,"Before the meeting, Putin said Russia regards Saudi Arabia as a key Muslim state.",1,0.0
"Mahmud controlled access to Saddam for everyone but immediate family members, Pentagon officials said.",Mahmud controlled access to Saddam and was frequently at his side.,1,0.0
BioReliance's stock closed down 2 cents yesterday at $47.98 per share.,"Shares of BioReliance sold at $47.98 at the close of market yesterday, down 2 cents.",1,0.0
"""Now, the other guy, he's ashamed of his party,"" Street said to crowd laughter.","""The other guy, he's ashamed of his party, and I don't blame him.",1,0.0
"In his new position, Dynes will earn $395,000, a significant increase over Atkinson's salary of $361,400.","Dynes will be paid $395,000 a year; Atkinson's salary is $361,400.",1,0.0
"Justices said that the Constitution allows the government to administer drugs only ""in limited circumstances.""","In a 6-3 ruling, the justices said such anti-psychotic drugs can be used only in ""limited circumstances.""",1,0.0
"Two astronomers surveying the region around Jupiter have detected 20 new moons, bringing the giant planet's total to 60.","Astronomers have clocked eight more moons orbiting Jupiter, bringing its known total to 60.",1,0.0
"The woman felt threatened and went to the magistrate's office, police said.",The woman reported that she felt threatened and obtained a warrant for Stackhouse's arrest from the local magistrate's office.,1,0.0
Higher courts have ruled that the tablets broke the constitutional separation of church and state.,The federal courts have ruled that the monument violates the constitutional ban against state-established religion.,1,0.0
"In two weeks, he'll probably send out Peace Rules in the Preakness.",Frankel said Peace Rules will run in the Preakness Stakes on May 17.,1,0.0
"""They were tossed around like feathers,"" Gordon said.","""The concrete barriers (between lanes) were being tossed around like feathers.""",1,0.0
"The router will be available in the first quarter of 2004 and will cost around $200, the company said.","Netgear prices the WGT634U Super Wireless Media Router, which will be available in the first quarter of 2004, at under $200.",1,0.0
The author is one of several defense experts expected to testify.,Spitz is expected to testify later for the defense.,1,0.0
"Police then called a bomb squad, but the device exploded, killing Wells, before bomb technicians arrived.","While waiting for a bomb squad to arrive, the bomb exploded, killing Wells.",1,0.0
School officials said Van-Vliet reported the accident using the busâ€™ radio.,"Van-Vliet, who was also injured, called in the accident on the school bus radio.",1,0.0
"Bulger's brother is now on the agency's ''10 Most Wanted'' list, sought in connection with 21 murders.","Bulger's brother, a former FBI informant, is now on the law enforcement agency's ""10 Most Wanted"" list.",1,0.0
"Gartner's report said global WLAN equipment shipments reached 19.5 million last year, a 120 percent increase over 2001's 8.9 million units.","Total shipments reached 19.5 million units last year, compared with 8.9 million units in 2001.",1,0.0
An arrest warrant claimed Bryant assaulted the woman June 30 at a hotel.,"According to an arrest warrant, Bryant, 24, attacked a woman on June 30.",1,0.0
FRIENDS of Robert De Niro yesterday rallied around him after he was diagnosed with prostate cancer.,"Hollywood actor Robert De Niro has been diagnosed with prostate cancer, his spokesman said today.",1,0.0
Graham is expected to be nominated and elected to a second one-year term today and will deliver the presidential address.,"Later Tuesday, Graham was expected to be re-elected for a second one-year term.",1,0.0
"Sources say agents confiscated ""several"" documents he was carrying.",Agents confiscated several classified documents in his possession and interrogated him.,1,0.0
Young has 28 days to file a response and ask the NASD for a hearing.,"Under NASD regulations, Mr. Young can file a response and request a hearing before an NASD panel.",1,0.0
INTEL TODAY disclosed details of its next-generation XScale processor for mobile phones and handheld devices here in San Jose.,"Intel on Wednesday unveiled its next-generation processor for cell phones, PDAs, and other wireless devices.",1,0.0
Kaichen appeared Wednesday in federal court on two bank robbery charges.,"She appeared in federal court Wednesday, but did not enter a plea.",1,0.0
"Authorities identified the tipster as Richard Powell, who is imprisoned for killing his landlady in 1982.",Powell is serving time in a different case -- killing his landlady in 1982.,1,0.0
Colorado shooting suspect was in therapy,Lawyers: Colo. shooting suspect is mentally ill,1,0.0
"Russia, China veto UN resolution on Syria endorsing","Russia, China veto U.N. draft backing Arab plan for Syria (Reuters)",1,0.0
Suspicious object found in Tel Aviv not explosive device,Police treat suspicious object at Tel Aviv bus station,1,0.0
Eurozone backs Greek bailout,Eurozone agrees Greece bail-out,1,0.0
"At CPAC, Mitt Romney Stresses Conservative Credentials",CPAC 2012: Mitt Romney Struggles to Connect with Conservative Base,1,0.0
Glorious triple-gold night for Britain,Britain savors golden night on track,1,0.0
Prince Philip hospitalised in London,"Britain's Prince Philip hospitalised, to miss jubilee",1,0.0
Gaza rockets lands in Ashkelon Coast area; none hurt,Rocket fired from Gaza damages home in Sderot; none hurt,1,0.0
Soggy solstice: Stonehenge gets soaking,Summer solstice celebrated at Stonehenge despite rain,1,0.0
Sly Stallone's Sone Sage Found Dead in LA,Sylvester Stallone's Son Found Dead At Home,1,0.0
Venezuela's Chavez in Cuba for 3rd anti-cancer treatment,Venezuelan leader returning to Cuba for treatment,1,0.0
Iraq Releases Suspected Hezbollah Operative Wanted By U.S.,Iraq Said to Release Hezbollah Operative,1,0.0
7 detained for 'house sister' scandal,"China detains 7 for ""house sister"" scandal",1,0.0
'Around 100 dead or injured' after China earthquake,Hundreds dead or injured in China quake,1,0.0
Cardinals enter Vatican for historic vote,Cardinals enter Sistine Chapel to elect pope,1,0.0
UK alert on Syrian chemical arms,West raises stakes over Syria chemical claims,1,0.0
"Red grapes and blueberries boost immune system, scientists say","Red grapes, blueberries boost human immunity",1,0.0
Indian police round up all five suspects in Mumbai rape case,Mumbai police arrest fifth suspect in gang-rape case,1,0.0
Demolition work begins on Don Valley Stadium,Demolition work to begin at stadium,1,0.0
Bangladesh Islamist execution upheld,Bangladesh executes opposition leader,1,0.0
Iran leader Rouhani says nuclear deal with U.S. possible within Â¿three monthsÂ¿,Iran President Hassan Rouhani wants nuclear deal in months,1,0.0
Israel launches airstrike in Gaza,Israel launches air strikes near Damascus,1,0.0
"Websites battle nasty comments, anonymity",Websites fight nasty comments by taking away anonymity,1,0.0
Guatemala arrests software guru John McAfee,"Held in Guatemala, software guru McAfee fights deportation",1,0.0
Cannes thief 'steals $53m of jewels' in armed heist at hotel,"Robber steals $53 million worth of jewels in Cannes, police say",1,0.0
"US Military Aircraft Hit in S. Sudan, 4 Wounded",US military aircraft shot at during evacuation mission in South Sudan,1,0.0
"One dead in Philadelphia building collapse, others pulled from rubble",Six confirmed dead after Philadelphia building collapse,1,0.0
Rosberg emulates father with Monaco win,FORMULA 1: Rosberg stays modest despite Monaco win,1,0.0
Israel expands subsidies to settlements,Israel widens settlement subsidies,1,0.0
"Tornadoes level homes in Oklahoma, 1 dead","Tornadoes hit Kan., Okla.; no injuries reported",1,0.0
"Margaret Thatcher, former U.K. PM, dead at 87",Margaret Thatcher dies at 87,1,0.0
Syria agrees to surrender chemical weapons,Syria FM: We will stop producing chemical weapons,1,0.0
U.S. fast-food workers plan nationwide strikes over minimum wage,Fast-food workers strike for higher pay,1,0.0
Japanese politician apologizes for sex comment,"Japan mayor apologizes to U.S., denies wrong words on ""comfort women""",1,0.0
Pakistanis vote in landmark election,Pakistan holds landmark election as 29 killed in attacks,1,0.0
Protests after George Zimmerman acquitted in Trayvon Martin case,Zimmerman acquitted in slaying,1,0.0
Maldives begins to vote in controversy-ridden presidential poll,Crisis-hit Maldives holds new presidential poll,1,0.0
Israeli police clash with Palestinian protesters at sensitive Jerusalem holy site,Israel Police Clash With Palestinians in Jerusalem,1,0.0
